Subject_Number,Group,Expt Quarter,Age,Sex,Language Classification,LearningRate,Num_Lessons_Completed,Hint_Use_Java,Forum_Use_Java,Solution_Use_Java,Cheatsheet_Used,Help_Total_Java,Quiz_1_noretake,Quiz_2_noretake,Quiz_3_noretake,Quiz_4_noretake,Quiz_5_noretake,Quiz_7_noretake,Quiz_8_noretake,Quiz_9_noretake,Quiz_10_noretake,Quiz_11_noretake,Quiz_12_noretake,Quiz_13_noretake,Quiz_14_noretake,Quiz_15_noretake,Quiz_16_noretake,Quiz_1_retake,Quiz_2_retake,Quiz_3_retake,Quiz_4_retake,Quiz_5_retake,Quiz_7_retake,Quiz_8_retake,Quiz_9_retake,Quiz_10_retake,Quiz_11_retake,Quiz_12_retake,Quiz_13_retake,Quiz_14_retake,Quiz_15_retake,Quiz_16_retake,QuizACC_NoRetake_Java,QuizSD_NoRetake_Java,QuizACC_Retake_Java,QuizSD_Retake_Java,ExamMC_OverallACC,ExamMC_AllSemanticsACC,ExamMC_AllSyntaxACC,TotalExperiencedCount,TotalExperiencedACC,SemTotalExperiencedACC,SynTotalExperiencedACC,Total_InexperiencedCount,Total_InxperiencedACC,SemTotalInexperiencedACC,SynTotalInexperiencedACC,Droid_Coding_Score,Droid_Coding_ACC,Droid_Debug_Count,Droid_Debug_Penalty,Droid_Debug_Score,Droid_Debug_ACC,CarLoan_Coding_Score,CarLoan_Coding_ACC,CarLoan_Debug_Count,CarLoan_Debug_Penalty,CarLoan_Debug_Score,CarLoan_Debug_ACC,ForDigit-CorrTotal,ForDigit-Span,ForDigit-ReSpan,BackDigit-CorrTotal,BackDigit-Span,BackDigit-ReSpan,RR_Score,RR_Percentile,Comp_Score,Comp_ACC,PSS_ChooseA_ACC,PSS_AvoidB_ACC,PSS_All_ACC,PSS_TrainBlocksNum,PythonProf_AllCount,PythonProf_AllACC,PythonProf_AllSynCount,PythonProf_AllSynACC,PythonProf_AllSemCount,PythonProf_AllSemACC,OpSpan_AccErrorTotal,OpSpan_MathErrorTotal,OpSpan_SpeedErrorTotal,OpSpan_MathCorrect,OpSpan_OspanAbsoluteScore,OpSpan_OspanPartialScore,LEAPQ_LD1,LEAPQ_LD1Acquire,LEAPQ_LD1SpeakProf,LEAPQ_LD1UnderProf,LEAPQ_LD2,LEAPQ_LD2Acquire,LEAPQ_LD2SpeakProf,LEAPQ_LD2UnderProf,LEAPQ_LD3,LEAPQ_LD3Acquire,LEAPQ_LD3SpeakProf,LEAPQ_LD3UnderProf,Handedness,MLAT_I,MLAT_II,MLAT_III,MLAT_IV,MLAT_V,MLAT_Total,MLAT_ACC,MLAT_Percentile,Ravens_Score,NDV_Score,NDV_Percentile,Numeracy,LLAMA_B,LLAMA_F,LLAMA_Version,Simon_Con_RT,Simon_Incon_RT,Simon_Incon-Con_RT,Simon_Con_ACC,Simon_Incon_ACC,Simon_Incon-Con_ACC,Column14,Column15,Column16,Column17,Column18,Column19,Column20
28730,New Part - Java-First,WIN23,18,Female,Early Bilingual,1.18627451,9,36,5,14,0,55,0.85,1,0.8,0.9,1,0.85,0.83,0.83,99999,99999,99999,99999,99999,99999,99999,0.85,1,0.8,0.9,1,0.85,0.83,0.83,99999,99999,99999,99999,99999,99999,99999,0.8825,0.077781746,0.8825,0.077781746,0.66,0.6,0.72,32,0.75,0.666666667,0.933333333,18,0.5,0.5,0.4,30,0.508474576,14,1,13,0.590909091,36.5,0.890243902,16,2,14,0.7,99999,99999,99999,9,5,5.5,234,99999,29,0.763157895,0.5625,0.2500,0.4500,6,99999,99999,99999,99999,99999,99999,1,1,0,1.0000,56,67,English,4,10,10,Mandarin,1,7,8,99999,99999,99999,99999,1,41,29,16,24,22,132,0.6875,70,0.7222,69,83,0.375,0.65,0.55,Online,494.07,542.77,48.7,0.9667,0.8833,-0.0833,,,,,,,
28731,New Part - Java-First,WIN23,18,Male,Monolingual,1.269607843,10,2,2,0,0,4,1,0.87,0.9,0.9,0.85,1,0.83,0.85,0.83,99999,99999,99999,99999,99999,99999,1,0.87,0.9,0.9,0.85,1,0.83,0.85,0.83,99999,99999,99999,99999,99999,99999,0.892222222,0.066290606,0.892222222,0.066290606,0.82,0.84,0.8,36,0.861111111,0.941176471,0.882352941,14,0.714285714,0.625,0.625,36,0.610169492,13.5,3,10.5,0.477272727,39,0.951219512,18,0,18,0.9,9,6,6.5,13,7,7.5,325,87,36,0.947368421,1.0000,1.0000,0.9000,3,99999,99999,99999,99999,99999,99999,1,1,0,1.0000,75,75,english,3,10,10,99999,99999,99999,99999,99999,99999,99999,99999,0.9048,34,20,11,18,11,94,0.489583333,20,0.7778,75,93,0.875,0.45,0.9,Online,500.58,503.61,3.03,0.9167,0.95,0.0333,,,,,,,
28732,New Part - Java-First,WIN23,19,Female,Early Bilingual,0.602941176,5,9,8,5,0,22,0.85,0.87,0.7,0.6,99999,99999,99999,99999,99999,99999,99999,99999,99999,99999,99999,0.85,0.87,0.7,0.6,99999,99999,99999,99999,99999,99999,99999,99999,99999,99999,99999,0.755,0.128192563,0.755,0.128192563,0.4,0.44,0.36,17,0.411764706,0.75,0.125,33,0.393939394,0.294117647,0.470588235,7,0.118644068,6,3,3,0.136363636,22,0.536585366,9,0,9,0.45,8,4,6.5,24,3,3.5,123,5,13,0.342105263,0.5625,0.2500,0.4667,2,99999,99999,99999,99999,99999,99999,6,7,1,0.9000,39,57,Chinese,3,10,9,English,7,8,7,99999,99999,99999,99999,0.9048,41,17,4,14,24,100,0.520833333,30,0.6667,37,14,0.5,0.65,0.7,Online,443.05,497.19,54.14,1,0.95,-0.05,,,,,,,
28733,New Part - Java-First,Dismissed,21,Female,Monolingual,99999,99999,99999,99999,99999,99999,99999,99999,99999,99999,99999,99999,99999,99999,99999,99999,99999,99999,99999,99999,99999,99999,99999,99999,99999,99999,99999,99999,99999,99999,99999,99999,99999,99999,99999,99999,99999,99999,99999,99999,99999,99999,99999,99999,99999,99999,99999,99999,99999,99999,99999,99999,99999,99999,99999,99999,99999,99999,99999,99999,99999,99999,99999,99999,7,5,5.5,7,3,3.5,232,52,25,0.657894737,99999,99999,99999,99999,99999,99999,99999,99999,99999,99999,99999,99999,99999,99999,99999,99999,99999,99999,99999,99999,99999,99999,99999,99999,99999,99999,99999,99999,99999,99999,99999,99999,99999,99999,99999,99999,99999,99999,99999,99999,99999,99999,99999,99999,99999,99999,99999,99999,99999,99999,,,,,,,
28734,New Part - Java-First,WIN23,19,Female,Monolingual,1.083333333,9,15,8,1,2,26,1,0.87,0.8,0.8,0.71,1,0.83,0.71,99999,99999,99999,99999,99999,99999,99999,1,0.87,0.8,0.8,0.71,1,0.83,0.71,99999,99999,99999,99999,99999,99999,99999,0.84,0.112884264,0.84,0.112884264,0.74,0.72,0.76,32,0.875,0.866666667,1,18,0.5,0.5,0.4,24,0.406779661,15,1,14,0.636363636,41,1,20,0,20,1,9,5,5.5,14,8,8,279,75,34,0.894736842,1.0000,0.8125,0.9167,6,99999,99999,99999,99999,99999,99999,2,3,1,0.9750,61,69,English,0,10,10,99999,99999,99999,99999,99999,99999,99999,99999,0.9,41,30,25,17,18,131,0.682291667,70,0.8333,73,90,0.75,0.75,0.65,Online,412.57,436.93,24.36,0.9667,0.95,-0.0167,,,,,,,
28735,New Part - Java-First,WIN23,25,Male,Early Bilingual,2.357843137,17,39,11,5,0,55,0.71,1,1,0.8,0.71,1,1,0.71,0.83,0.6,0.71,0.4,0.66,1,0.37,0.71,1,1,0.8,0.71,1,1,0.71,0.83,0.6,0.71,0.6,0.66,1,0.75,0.7625,0.204173129,0.79875,0.151739909,0.86,0.88,0.84,50,0.86,0.88,0.84,0,99999,99999,99999,43,0.728813559,18,5,13,0.590909091,32,0.780487805,20,0,20,1,6,5,5,7,4,4.5,137,8,31,0.815789474,0.6250,0.8750,0.7167,3,99999,99999,99999,99999,99999,99999,4,4,0,0.9250,26,56,English,3,10,10,Russian,3,8,9,99999,99999,99999,99999,0.4783,39,28,35,15,16,133,0.692708333,70,0.5556,68,81,0.625,0.7,0.8,Online,486.6,497.14,10.54,0.9167,0.9667,0.05,,,,,,,
28736,New Part - Java-First,WIN23,19,Female,Late Bilingual,1.142156863,9,9,1,0,3,13,1,0.87,0.9,0.9,0.71,0.71,1,0.71,99999,99999,99999,99999,99999,99999,99999,1,0.87,0.9,0.9,0.71,0.71,1,0.71,99999,99999,99999,99999,99999,99999,99999,0.85,0.12489996,0.85,0.12489996,0.78,0.76,0.8,32,0.875,0.866666667,1,18,0.611111111,0.6,0.5,27,0.457627119,22,1,21,0.954545455,36,0.87804878,15,0,15,0.75,12,7,7.5,13,7,7.5,299,80,20,0.526315789,0.3125,0.5625,0.5500,1,99999,99999,99999,99999,99999,99999,3,5,2,0.9375,57,69,Vietnamese,0,10,10,English,6,8,8,Japanese,16,1,1,0.9167,43,23,7,18,24,115,0.598958333,50,0.8889,55,46,0.875,0.55,0.85,Online,517.02,514.62,-2.4,0.95,0.9667,0.0167,,,,,,,
28737,New Part - Java-First,WIN23,29,Male,Late Bilingual,1.142156863,10,41,1,60,0,102,0.71,0.75,0.8,0.5,0.28,0.85,0.33,0.14,99999,99999,99999,99999,99999,99999,99999,0.71,0.75,0.8,0.6,0.71,0.85,0.66,0.6,1,99999,99999,99999,99999,99999,99999,0.484444444,0.311010897,0.742222222,0.127845393,0.34,0.44,0.24,32,0.46875,0.666666667,0.333333333,18,0.111111111,0.1,0.1,0,0,0,1,-1,-0.045454545,6,0.146341463,1,0,1,0.05,10,7,7,11,6,6.5,261,68,27,0.710526316,0.5000,0.5000,0.5000,6,99999,99999,99999,99999,99999,99999,3,5,2,0.9500,18,42,Gujarati,3,9,9,English,3,7,8,Hindi,3,7,8,0,10,24,6,7,3,50,0.260416667,3,0.3333,65,74,0.875,0.2,0.65,Online,955.72,1000.43,44.71,0.95,0.9667,0.0167,,,,,,,
28738,New Part - Java-First,WIN23,18,Female,Early Bilingual,1.039215686,9,13,7,3,0,23,0.85,0.87,0.8,0.8,0.85,1,0.33,0.83,99999,99999,99999,99999,99999,99999,99999,0.85,0.87,0.8,0.8,0.85,1,1,0.83,99999,99999,99999,99999,99999,99999,99999,0.79125,0.196791224,0.875,0.08088793,0.68,0.76,0.6,29,0.862068966,1,0.785714286,21,0.428571429,0.454545455,0.363636364,29,0.491525424,15,0,15,0.681818182,40.5,0.987804878,17,0,17,0.85,9,5,7,8,3,8,279,75,36,0.947368421,0.6875,0.4375,0.7167,3,99999,99999,99999,99999,99999,99999,1,1,0,0.9875,55,71,English,3,9,9,Malayalam,1,6,6,Hindi,2,4,7,0.8182,41,29,20,24,23,137,0.713541667,80,0.8333,71,86,0.75,0.75,0.85,Online,594.19,635.15,40.95,0.95,0.9167,-0.0333,,,,,,,
28739,New Part - Java-First,SPR23,20,Female,Monolingual,0.720588235,6,13,9,7,0,29,1,0.87,0.7,0.6,0.57,99999,99999,99999,99999,99999,99999,99999,99999,99999,99999,99999,99999,99999,99999,99999,99999,99999,99999,99999,99999,99999,99999,99999,99999,99999,0.748,0.183221178,0.748,0.183221178,0.6,0.48,0.72,23,0.695652174,0.727272727,0.727272727,27,0.518518519,0.285714286,0.714285714,9,0.152542373,14,3,11,0.5,34,0.829268293,12,1,11,0.55,9,6,6.5,8,4,4.5,299,80,30,0.789473684,1.0000,0.3125,0.5000,1,99999,99999,99999,99999,99999,99999,0,1,1,1.0000,34,59,English,0,10,10,99999,99999,99999,99999,99999,99999,99999,99999,1,41,24,24,9,18,116,0.604166667,50,0.2222,72,88,0.625,0.65,0.75,Online,492.6206897,545.8679245,53.24723487,0.966666667,0.883333333,-0.083333333,,,,,,,
28740,New Part - Java-First,SPR23,20,Female,Monolingual,0.87254902,7,18,0,0,2,20,1,0.88,0.7,0.9,0.42,0.57,99999,99999,99999,99999,99999,99999,99999,99999,99999,1,0.88,0.7,0.9,0.71,0.57,99999,99999,99999,99999,99999,99999,99999,99999,99999,0.745,0.221607762,0.793333333,0.159457413,0.52,0.56,0.48,26,0.692307692,0.666666667,0.833333333,24,0.333333333,0.461538462,0.153846154,6,0.101694915,11,5,6,0.272727273,30,0.731707317,10,0,10,0.5,7,4,6,7,4,4.5,355,91,27,0.710526316,0.6875,0.6250,0.7333,2,99999,99999,99999,99999,99999,99999,2,3,1,0.9750,44,60,english,0,,10,10,99999,99999,99999,99999,99999,99999,99999,1,39,21,20,15,21,116,0.604166667,50,0.6111,62,66,0.625,0.55,0.85,Online,525.1551724,543.3888889,18.23371648,0.966666667,0.9,-0.066666667,,,,,,,
28741,New Part - Java-First,SPR23,28,Male,Late Bilingual,0.833333333,7,22,17,7,0,46,0.85,1,0.8,0.7,0.42,0.71,99999,99999,99999,99999,99999,99999,99999,99999,99999,0.85,1,0.8,0.7,0.85,0.71,99999,99999,99999,99999,99999,99999,99999,99999,99999,0.746666667,0.193872811,0.818333333,0.110529031,0.5,0.48,0.52,26,0.692307692,0.75,0.75,24,0.291666667,0.230769231,0.307692308,7,0.118644068,6,3,3,0.136363636,31,0.756097561,15,2,13,0.65,12,7,7,13,7,7.5,223,43,21,0.552631579,1.0000,0.7500,0.7167,2,99999,99999,99999,99999,99999,99999,6,7,1,0.9125,49,64,spanish,2,10,10,english,12,7,7,99999,99999,99999,99999,0.9048,23,23,17,14,21,98,0.510416667,25,0.6111,45,25,0.5,0.75,0.9,Online,498.6101695,546.7017544,48.09158489,0.983333333,0.95,-0.033333333,,,,,,,
28742,New Part - Java-First,SPR23,19,Female,Monolingual,0.921568627,7,2,0,0,0,2,1,1,0.8,0.9,1,1,99999,99999,99999,99999,99999,99999,99999,99999,99999,1,1,0.8,0.9,1,1,99999,99999,99999,99999,99999,99999,99999,99999,99999,0.95,0.083666003,0.95,0.083666003,0.6,0.56,0.64,26,0.807692308,0.75,1,24,0.375,0.384615385,0.307692308,26,0.440677966,9,1,8,0.363636364,38,0.926829268,20,0,20,1,9,5,5.5,10,5,5.5,279,75,36,0.947368421,0.9375,0.4375,0.6333,2,99999,99999,99999,99999,99999,99999,1,1,0,1.0000,32,52,english,1,10,10,99999,99999,99999,99999,99999,99999,99999,99999,1,10,24,21,14,15,84,0.4375,15,0.6111,74,91,0.625,0.45,0.75,Online,524.8035714,546,21.19642857,0.933333333,0.983333333,0.05,,,,,,,
28743,New Part - Java-First,Dismissed,23,Female,Late Bilingual,99999,99999,99999,99999,99999,99999,99999,99999,99999,99999,99999,99999,99999,99999,99999,99999,99999,99999,99999,99999,99999,99999,99999,99999,99999,99999,99999,99999,99999,99999,99999,99999,99999,99999,99999,99999,99999,99999,99999,99999,99999,99999,99999,99999,99999,99999,99999,99999,99999,99999,99999,99999,99999,99999,99999,99999,99999,99999,99999,99999,99999,99999,99999,99999,12,7,7.5,11,5,8,195,29,13,0.342105263,0.6250,0.6875,0.5333,6,99999,99999,99999,99999,99999,99999,99999,99999,99999,99999,99999,99999,99999,99999,99999,99999,99999,99999,99999,99999,99999,99999,99999,99999,99999,99999,99999,99999,99999,99999,99999,99999,99999,99999,99999,99999,99999,99999,99999,99999,99999,99999,99999,99999,99999,99999,,,,,,,
28744,New Part - Java-First,Dropped Out,20,Female,Early Bilingual,99999,99999,99999,99999,99999,99999,99999,99999,99999,99999,99999,99999,99999,99999,99999,99999,99999,99999,99999,99999,99999,99999,99999,99999,99999,99999,99999,99999,99999,99999,99999,99999,99999,99999,99999,99999,99999,99999,99999,99999,99999,99999,99999,99999,99999,99999,99999,99999,99999,99999,99999,99999,99999,99999,99999,99999,99999,99999,99999,99999,99999,99999,99999,99999,8,6,6,8,3,5.5,232,52,35,0.921052632,0.9375,0.5625,0.6833,3,99999,99999,99999,99999,99999,99999,3,5,2,0.9500,51,66,english,0,10,10,french,,6,8,99999,99999,99999,99999,1,37,21,23,12,20,113,0.588541667,45,0.7222,65,74,0.5,0.8,0.9,Online,596.9152542,617.2982456,20.38299138,0.983333333,0.95,-0.033333333,,,,,,,
28745,New Part - Java-First,SPR23,27,Female,Early Bilingual,0.995098039,8,9,4,1,0,14,1,1,1,0.9,0.85,1,0.5,99999,99999,99999,99999,99999,99999,99999,99999,1,1,1,0.9,0.85,1,0.5,99999,99999,99999,99999,99999,99999,99999,99999,0.892857143,0.183549656,0.892857143,0.183549656,0.58,0.56,0.6,26,0.807692308,0.916666667,0.833333333,24,0.333333333,0.230769231,0.384615385,22,0.372881356,12,0,12,0.545454545,37,0.902439024,16,0,16,0.8,7,5,5.5,11,4,7.5,279,75,30,0.789473684,1.0000,0.7500,0.7667,1,99999,99999,99999,99999,99999,99999,4,7,3,0.9125,39,55,english,2,10,10,tagalog,2,5,6,99999,99999,99999,99999,0.875,32,27,21,15,23,118,0.614583333,50,0.6111,75,93,0.75,0.8,0.9,Online,482.4821429,506.0181818,23.53603896,0.933333333,0.916666667,-0.016666667,,,,,,,
28746,New Part - Java-First,SPR23,19,Female,Monolingual,1.558823529,13,25,1,17,0,43,0.85,0.87,0.9,0.7,0.86,0.71,0.5,0.71,1,0.8,0.57,0.6,99999,99999,99999,0.85,0.87,0.9,0.7,0.86,0.71,1,0.71,1,0.8,1,0.8,99999,99999,99999,0.755833333,0.14975485,0.85,0.111681365,0.72,0.68,0.76,45,0.733333333,0.727272727,0.772727273,5,0.6,0.333333333,0.666666667,16,0.271186441,14,1,13,0.590909091,38,0.926829268,19,0,19,0.95,10,5,7.5,10,4,6,339,89,36,0.947368421,1.0000,0.8750,0.9167,4,99999,99999,99999,99999,99999,99999,4,4,0,0.9625,75,75,English,1,10,10,French,10,6,8,Chinese,16,5,5,0.7778,39,28,34,29,24,154,0.802083333,95,0.7778,70,85,0.75,1,1,Online,562.7627119,587.8035714,25.04085956,0.983333333,0.933333333,-0.05,,,,,,,
28747,New Part - Java-First,SPR23,24,Male,Early Bilingual,0.808823529,7,18,10,7,0,35,0.85,0.75,0.8,0.5,0.28,0.85,99999,99999,99999,99999,99999,99999,99999,99999,99999,0.85,0.75,0.8,0.9,0.71,0.85,99999,99999,99999,99999,99999,99999,99999,99999,99999,0.671666667,0.231984195,0.81,0.070710678,0.56,0.6,0.52,26,0.576923077,0.75,0.5,24,0.541666667,0.461538462,0.538461538,9,0.152542373,12,4,8,0.363636364,26,0.634146341,10,1,9,0.45,10,0,8.5,12,2,8,232,52,25,0.657894737,0.8125,0.9375,0.9000,6,99999,99999,99999,99999,99999,99999,3,4,1,0.9375,68,72,English,6,8,8,Chinese,,10,10,99999,99999,99999,99999,0.4667,28,25,12,17,10,92,0.479166667,20,0.7778,44,24,0.375,0.55,0.9,Online,513.5862069,552.7368421,39.15063521,0.966666667,0.95,-0.016666667,,,,,,,
28748,New Part - Java-First,SPR23,20,Female,Monolingual,0.980392157,9,16,18,10,0,44,1,1,0.8,0.9,0.71,1,0.66,0.71,99999,99999,99999,99999,99999,99999,99999,1,1,0.8,0.9,0.71,1,1,0.71,99999,99999,99999,99999,99999,99999,99999,0.8475,0.145282975,0.89,0.131692282,0.7,0.68,0.72,32,0.875,0.866666667,1,18,0.388888889,0.4,0.3,16,0.271186441,6,1,5,0.227272727,40,0.975609756,20,0,20,1,10,6,6.5,10,5,5.5,355,91,34,0.894736842,1.0000,0.2500,0.7667,2,99999,99999,99999,99999,99999,99999,2,2,0,0.9750,50,68,English,1,10,10,99999,99999,99999,99999,99999,99999,99999,99999,0.6842,42,23,30,25,24,144,0.75,90,0.8333,65,74,1,0.65,0.9,Online,526.4237288,536.0847458,9.661016949,0.983333333,0.983333333,0,,,,,,,
28749,New Part - Java-First,SPR23,23,Female,Late Bilingual,1.838235294,15,6,2,1,0,9,1,0.87,0.9,0.9,0.85,1,0.83,0.85,1,0.8,0.42,0.8,0.66,1,99999,1,0.87,0.9,0.9,0.85,1,0.83,0.85,1,0.8,0.85,0.8,1,99999,99999,0.848571429,0.157326566,0.896153846,0.078053236,0.8,0.68,0.92,50,0.8,0.68,0.92,0,99999,99999,99999,57,0.966101695,20,2,18,0.818181818,28,0.682926829,19,2,17,0.85,14,9,9,13,6,8,232,52,34,0.894736842,0.5625,0.6875,0.6333,4,99999,99999,99999,99999,99999,99999,3,4,1,0.9625,62,71,Mandarin,1,10,10,English,6,8,10,99999,99999,99999,99999,0.7895,32,22,12,27,16,109,0.567708333,40,0.6111,64,71,0.75,0.45,0.9,Online,516.8448276,533.5,16.65517241,0.966666667,1,0.033333333,,,,,,,
28750,New Part - Python-First,SPR23,24,Male,Early Bilingual,1.926470588,15,9,5,2,0,16,0.77,0.62,1,0.9,0.85,1,0.83,0.71,0.83,0.88,0.57,0.88,0.33,1,99999,0.77,0.62,1,0.9,0.85,1,0.83,0.71,0.83,0.88,0.57,0.88,0.88,1,99999,0.797857143,0.18856456,0.837142857,0.132573844,0.82,0.76,0.88,50,0.82,0.76,0.88,0,99999,99999,99999,25,0.423728814,18,1,17,0.772727273,40,0.975609756,17,0,17,0.85,11,7,7.5,9,5,5,601,99,35,0.921052632,0.1875,0.3750,0.4000,6,99999,99999,99999,99999,99999,99999,0,2,2,0.9500,38,49,English,6,10,10,Taiwanese,4,10,10,Chinese,10,7,6,0.1111,41,21,20,19,14,115,0.598958333,45,0.7778,72,88,0.75,0.45,0.8,Online,567.0338983,555.3018868,-11.73201151,0.983333333,0.883333333,-0.1,,,,,,,
28751,New Part - Java-First,SPR23,18,Female,Early Bilingual,0.87254902,7,23,23,13,1,59,0.71,0.62,0.5,0.7,0.42,0.85,99999,99999,99999,99999,99999,99999,99999,99999,99999,0.71,0.62,0.5,0.7,0.71,0.85,99999,99999,99999,99999,99999,99999,99999,99999,99999,0.633333333,0.155391977,0.681666667,0.115830336,0.48,0.6,0.36,26,0.615384615,0.833333333,0.5,24,0.333333333,0.384615385,0.230769231,4,0.06779661,8,3,5,0.227272727,31,0.756097561,11,1,10,0.5,9,6,6,11,6,6.5,364,92,30,0.789473684,1.0000,0.7500,0.7333,1,99999,99999,99999,99999,99999,99999,2,3,1,0.9750,56,63,English,2,10,10,Hindi,1,9,10,Urdu,99999,99999,99999,0.5,23,25,19,13,24,104,0.541666667,30,0.3333,66,76,0.625,0.95,0.7,Online,612.5689655,612.7068966,0.137931034,0.966666667,0.966666667,0,,,,,,,
28752,New Part - Java-First,SPR23,19,Female,Monolingual,1.102941176,9,12,9,3,0,24,0.85,1,0.8,1,0.28,0.85,0.66,0.85,99999,99999,99999,99999,99999,99999,99999,0.85,1,0.8,1,0.71,0.85,0.66,0.85,99999,99999,99999,99999,99999,99999,99999,0.78625,0.231759574,0.84,0.120948631,0.68,0.72,0.64,32,0.875,1,0.866666667,18,0.333333333,0.3,0.3,14,0.237288136,16,0,16,0.727272727,29,0.707317073,15,0,15,0.75,4,3,5,6,3,3.5,339,89,30,0.789473684,0.4375,0.5625,0.4833,4,99999,99999,99999,99999,99999,99999,3,4,1,0.9625,48,58,English,1,10,10,99999,99999,99999,99999,99999,99999,99999,99999,0.6842,31,21,21,16,13,102,0.53125,30,0.8889,59,57,0.875,0.65,0.85,Online,543.1186441,546.0338983,2.915254237,0.983333333,0.983333333,0,,,,,,,
28753,New Part - Java-First,SPR23,19,Female,Monolingual,0.960784314,7,12,7,0,0,19,1,0.75,0.9,0.7,0.71,0.85,99999,99999,99999,99999,99999,99999,99999,99999,99999,1,0.75,0.9,0.7,0.71,0.85,99999,99999,99999,99999,99999,99999,99999,99999,99999,0.818333333,0.119233664,0.818333333,0.119233664,0.74,0.72,0.76,26,0.923076923,1,1,24,0.541666667,0.461538462,0.538461538,10,0.169491525,16,2,14,0.636363636,35,0.853658537,18,0,18,0.9,9,6,6.5,9,4,6,195,29,29,0.763157895,1.0000,0.8125,0.8833,6,99999,99999,99999,99999,99999,99999,2,3,1,0.9750,33,52,English,99999,10,10,99999,99999,99999,99999,99999,99999,99999,99999,0.5789,23,26,11,18,24,102,0.53125,30,0.7222,68,81,0.5,0.5,0.85,Online,454.3965517,469,14.60344828,0.966666667,0.95,-0.016666667,,,,,,,
28754,New Part - Java-First,SPR23,22,Female,Late Bilingual,0.87254902,7,12,3,5,2,20,1,0.87,1,0.7,1,1,99999,99999,99999,99999,99999,99999,99999,99999,99999,1,0.87,1,0.7,1,1,99999,99999,99999,99999,99999,99999,99999,99999,99999,0.928333333,0.123355854,0.928333333,0.123355854,0.66,0.56,0.76,26,0.807692308,0.916666667,0.833333333,24,0.5,0.230769231,0.692307692,22,0.372881356,6,2,4,0.181818182,36,0.87804878,18,1,17,0.85,7,4,4.5,7,4,4.5,137,8,21,0.552631579,0.8125,0.5000,0.7833,3,99999,99999,99999,99999,99999,99999,1,2,1,0.9875,56,70,russian,1,10,10,english,2,8,8,latvian,1,9,9,0.9167,40,29,11,23,22,125,0.651041667,60,0.8333,46,27,0.625,1,1,Online,668.8448276,664.9655172,-3.879310345,0.966666667,0.966666667,0,,,,,,,
28755,New Part - Java-First,SPR23,19,Female,Early Bilingual,0.960784314,8,19,12,5,0,36,0.71,0.85,0.8,0.7,0.57,0.85,0.33,99999,99999,99999,99999,99999,99999,99999,99999,0.71,0.85,0.8,0.7,0.57,0.85,0.16,99999,99999,99999,99999,99999,99999,99999,99999,0.687142857,0.186074742,0.662857143,0.242879551,0.52,0.64,0.4,26,0.538461538,0.75,0.416666667,24,0.5,0.538461538,0.384615385,4,0.06779661,12,4,8,0.363636364,36,0.87804878,17,0,17,0.85,6,5,5,8,4,4.5,312,83,35,0.921052632,0.8750,0.5000,0.6833,2,99999,99999,99999,99999,99999,99999,3,5,2,0.9500,51,71,english,0,9,8,indonesian,1,6,6,mandarin,3,7,6,0.9,38,27,16,11,24,116,0.604166667,50,0.5,74,91,0.375,0.35,0.85,Online,760.7272727,685.2363636,-75.49090909,0.916666667,0.916666667,0,,,,,,,
28756,New Part - Java-First,SPR23,21,Female,Monolingual,0.838235294,7,19,8,0,0,27,0.85,1,0.9,0.8,0.57,1,99999,99999,99999,99999,99999,99999,99999,99999,99999,0.85,1,0.9,0.8,0.85,1,99999,99999,99999,99999,99999,99999,99999,99999,99999,0.853333333,0.160208198,0.9,0.083666003,0.52,0.48,0.56,26,0.730769231,0.75,0.833333333,24,0.291666667,0.230769231,0.307692308,23,0.389830508,14,3,11,0.5,36,0.87804878,17,0,17,0.85,8,6,6,10,5,5.5,164,14,36,0.947368421,1.0000,0.8125,0.8000,2,99999,99999,99999,99999,99999,99999,2,2,0,0.9875,56,60,English,0,10,10,99999,99999,99999,99999,99999,99999,99999,99999,0.5652,34,28,17,20,19,118,0.614583333,50,0.6667,70,85,0.875,0.5,0.6,Online,459.0677966,462.0925926,3.024795982,0.983333333,0.9,-0.083333333,,,,,,,
28757,New Part - Python-First,SPR23,18,Male,Monolingual,1.093137255,9,12,5,0,1,17,1,1,0.5,0.8,0.71,0.85,0.83,0.57,99999,99999,99999,99999,99999,99999,99999,1,1,0.5,0.8,0.71,0.85,0.83,0.57,99999,99999,99999,99999,99999,99999,99999,0.7825,0.182032179,0.7825,0.182032179,0.8,0.76,0.84,32,0.875,1,0.866666667,18,0.666666667,0.4,0.8,38,0.644067797,13,0,13,0.590909091,40,0.975609756,18,0,18,0.9,10,5,5.5,12,5,8,279,75,36,0.947368421,0.6875,0.6250,0.7333,3,99999,99999,99999,99999,99999,99999,0,1,1,0.9875,68,73,English,1,10,10,99999,99999,99999,99999,99999,99999,99999,99999,0.7,42,23,25,20,18,128,0.666666667,65,0.6111,72,88,0.875,0.55,0.85,Online,490.3728814,529.9298246,39.55694321,0.983333333,0.95,-0.033333333,,,,,,,
28758,New Part - Java-First,Dropped Out,20,Female,Early Bilingual,99999,0,0,0,0,2,0,0.85,0.87,99999,99999,99999,99999,99999,99999,99999,99999,99999,99999,99999,99999,99999,0.85,0.87,99999,99999,99999,99999,99999,99999,99999,99999,99999,99999,99999,99999,99999,0.86,0.014142136,0.86,0.014142136,99999,99999,99999,99999,99999,99999,99999,99999,99999,99999,99999,99999,99999,99999,99999,99999,99999,99999,99999,99999,99999,99999,99999,8,3,6.5,3,2,2.5,456,97,32,0.842105263,0.7500,0.2500,0.5333,6,99999,99999,99999,99999,99999,99999,10,11,1,0.8750,8,21,english,0,10,10,arabic,,5,5,99999,99999,99999,99999,0.7391,32,29,28,23,18,130,0.677083333,70,0.7222,76,95,0.625,0.7,0.75,Online,536.9122807,565.8431373,28.93085655,0.95,0.85,-0.1,,,,,,,
28759,New Part - Java-First,SPR23,25,Female,Late Bilingual,0.87254902,7,13,9,5,4,27,0.85,0.87,0.8,0.9,0.57,1,99999,99999,99999,99999,99999,99999,99999,99999,99999,0.85,0.87,0.8,0.9,0.57,1,99999,99999,99999,99999,99999,99999,99999,99999,99999,0.831666667,0.144418374,0.831666667,0.144418374,0.62,0.64,0.6,26,0.807692308,0.833333333,0.916666667,24,0.416666667,0.461538462,0.307692308,8,0.13559322,10,0,10,0.454545455,36,0.87804878,10,2,8,0.4,8,0,6,12,7,7,224,99999,32,0.842105263,0.6875,0.6250,0.7167,6,99999,99999,99999,99999,99999,99999,8,9,1,0.8875,62,66,english,0,10,10,french,14,5,6,norwegian,8,4,7,0.7143,33,27,17,10,15,102,0.53125,30,0.6667,80,99,0.75,0.7,1,Online,499.1166667,536.6964286,37.5797619,1,0.933333333,-0.066666667,,,,,,,
28760,New Part - Java-First,SPR23,33,Female,Late Bilingual,0.789215686,7,26,23,16,26,65,0.71,1,1,0.9,1,1,99999,99999,99999,99999,99999,99999,99999,99999,99999,0.71,1,1,0.9,1,1,99999,99999,99999,99999,99999,99999,99999,99999,99999,0.935,0.117260394,0.935,0.117260394,0.5,0.56,0.44,26,0.730769231,0.833333333,0.75,24,0.25,0.307692308,0.153846154,12,0.203389831,8,5,3,0.136363636,31,0.756097561,17,3,14,0.7,7,3,5.5,7,4,4.5,279,75,23,0.605263158,0.9375,0.8750,0.7667,3,99999,99999,99999,99999,99999,99999,3,3,0,0.9750,55,68,Indonesian,1,10,10,English,15,9,9,Spanish,17,5,99999,0.5833,43,29,22,25,22,141,0.734375,85,0.7222,75,93,0.875,0.6,0.75,Online,488.8793103,518.3275862,29.44827586,0.966666667,0.966666667,0,,,,,,,
28501J,Returning Part - Python-First,WIN23,22,Female,Early Bilingual,0.975490196,9,9,8,2,0,19,1,0.5,1,0.8,0.57,1,0.83,0.71,99999,99999,99999,99999,99999,99999,99999,1,1,1,0.8,0.57,1,0.83,0.71,99999,99999,99999,99999,99999,99999,99999,0.80125,0.197081383,0.86375,0.164485127,0.58,0.56,0.6,32,0.65625,0.733333333,0.666666667,18,0.444444444,0.3,0.5,22,0.372881356,16,1,15,0.681818182,33,0.804878049,15,0,15,0.75,10,6,6.5,9,3,5.5,299,80,99999,99999,0.6875,0.6875,0.7833,3,32,0.4400,18,0.5000,14,0.3900,4,5,1,0.9383,38,54,cantonese,1,10,10,english,2,7,8,mandarine,3,8,10,0.619,36,21,11,17,13,98,0.5104,25,0.7778,33,9,0.375,0.8,0.8,Online,514.91,493.5,-21.41,0.9333,1,0.0667,,,,,,,
28512J,Returning Part - Python-First,SPR23,22,Male,Early Bilingual,1.102941176,9,9,8,3,0,20,1,0.75,0.9,0.9,0.71,1,0.66,0.85,99999,99999,99999,99999,99999,99999,99999,1,0.75,0.9,0.9,0.71,1,0.66,0.85,99999,99999,99999,99999,99999,99999,99999,0.84625,0.128500973,0.84625,0.128500973,0.7,0.64,0.76,32,0.875,0.8,1.066666667,18,0.388888889,0.4,0.3,18,0.305084746,11,6,5,0.227272727,38,0.926829268,15,0,15,0.75,13,7,9,13,7,7.5,164,14,99999,99999,0.2500,0.6875,0.6333,3,35,0.4861,18,0.5000,17,0.4722,9,9,0,0.8765,55,61,cantonese,1,10,10,english,1,9,8,mandarin,3,7,7,0.619,41,25,7,10,15,98,0.5104,25,1,40,18,0.75,0.55,0.7,Original,449.65,467.0701754,17.42017544,1,0.95,-0.05,,,,,,,
28513J,Returning Part - Python-First,WIN23,20,Male,Monolingual,1.102941176,8,14,9,6,0,29,1,1,0.8,0.8,1,0.85,0.5,99999,99999,99999,99999,99999,99999,99999,99999,1,1,0.8,0.8,1,0.85,0.5,99999,99999,99999,99999,99999,99999,99999,99999,0.85,0.180277564,0.85,0.180277564,0.64,0.68,0.6,29,0.689655172,0.785714286,0.642857143,21,0.571428571,0.545454545,0.545454545,20,0.338983051,13,2,11,0.5,31,0.756097561,12,0,12,0.6,12,6,8.5,7,2,4.5,179,19,99999,99999,0.8750,0.3750,0.6667,4,33,0.4600,17,0.4700,16,0.4400,12,13,1,0.8395,20,37,Chinese,1,10,10,English,7,8,8,99999,99999,99999,99999,0.1818,26,24,10,15,9,84,0.4375,15,0.6667,36,12,0.75,0.5,0.6,Original,680.14,714.05,33.91,0.95,0.95,0,,,,,,,
28516J,Returning Part - Python-First,SPR23,25,Female,Late Bilingual,1.254901961,11,9,7,3,0,19,0.57,0.87,0.9,0.8,0.57,0.71,0.66,0.85,0.66,0.8,99999,99999,99999,99999,99999,0.57,0.87,0.9,0.8,0.57,0.71,0.66,0.85,0.66,0.8,99999,99999,99999,99999,99999,0.739,0.121696343,0.739,0.121696343,0.7,0.72,0.68,40,0.775,0.894736842,0.736842105,10,0.4,0.166666667,0.5,30,0.508474576,14,1,13,0.590909091,34,0.829268293,17,0,17,0.85,9,5,7,10,2,5.5,223,43,99999,99999,1.0000,0.3125,0.6167,2,32,0.4444,16,0.4444,16,0.4444,3,3,0,0.9630,75,75,English,5,9,8,Chinese,2,7,8,99999,99999,99999,99999,0.8261,39,29,25,21,15,129,0.6719,65,0.888888889,67,79,0.625,0.8,0.8,Original,665.2542373,660.2711864,-4.983050847,0.983333333,0.983333333,0,,,,,,,
28551J,Returning Part - Python-First,SPR23,30,Female,Late Bilingual,0.774509804,7,23,5,30,0,58,0.85,0.37,0.7,0.7,0.28,0.71,99999,99999,99999,99999,99999,99999,99999,99999,99999,0.85,0.75,0.7,0.7,0.71,0.71,99999,99999,99999,99999,99999,99999,99999,99999,99999,0.601666667,0.223554617,0.736666667,0.058537737,0.34,0.32,0.36,26,0.461538462,0.5,0.5,24,0.208333333,0.153846154,0.230769231,1,0.016949153,7,3,4,0.181818182,8,0.195121951,10,2,8,0.4,10,7,7,10,3,6.5,123,5,99999,99999,0.8750,0.3125,0.6833,6,25,0.3472,13,0.3611,12,0.3333,5,8,3,0.9012,19,33,Cantonese,2,10,10,English,3,9,8,Mandarin,8,10,10,0.5455,37,14,12,17,16,96,0.5,25,0.666666667,40,18,0.375,0.55,0.65,Online,615.3103448,650.1320755,34.82173064,0.966666667,0.883333333,-0.083333333,,,,,,,
28579J,Returning Part - Python-First,WIN23,23,Female,Monolingual,0.661764706,5,10,5,3,0,18,1,0.87,0.9,0.9,,,99999,99999,99999,99999,99999,99999,99999,99999,99999,1,0.87,0.9,0.9,,,99999,99999,99999,99999,99999,99999,99999,99999,99999,0.9175,0.056789083,0.9175,0.056789083,0.48,0.44,0.52,17,0.647058824,0.75,0.625,33,0.393939394,0.294117647,0.470588235,5,0.084745763,8,0,8,0.363636364,27,0.658536585,7,3,4,0.2,8,6,6,10,6,6,261,68,99999,99999,0.6875,0.6250,0.8000,2,31,0.4300,20,0.5600,11,0.3100,5,5,0,0.9383,45,67,english,0,10,10,99999,99999,99999,99999,99999,99999,99999,99999,0.913,15,26,21,18,15,95,0.4948,25,0.6667,67,79,0.5,0.75,0.85,Online,506.28,522.41,16.13,1,0.9667,-0.0333,,,,,,,
28590J,Returning Part - Python-First,WIN23,22,Female,Early Bilingual,1.529411765,11,3,1,1,0,5,1,1,0.9,0.8,0.85,0.85,1,0.42,0.83,1,99999,99999,99999,99999,99999,1,1,0.9,0.8,0.85,0.85,1,1,0.83,1,99999,99999,99999,99999,99999,0.865,0.175768155,0.923,0.084728324,0.82,0.8,0.84,40,0.875,0.842105263,1,10,0.6,0.666666667,0.333333333,48,0.813559322,22,0,22,1,40.5,0.987804878,19,0,19,0.95,8,6,6,4,3,3,279,75,99999,99999,1.0000,0.5000,0.7000,1,53,0.7400,25,0.6900,28,0.7800,1,2,1,0.9753,42,63,ENGLISH,3,10,10,MANDARIN,1,9,9,99999,99999,99999,99999,0,38,28,22,33,23,144,0.75,90,0.6667,71,86,0.875,0.35,0.8,Online,644.59,660.72,16.14,0.9667,0.9667,0,,,,,,,
28593J,Returning Part - Python-First,WIN23,21,Female,Monolingual,1.352941176,11,12,7,4,0,23,1,1,0.9,1,0.85,1,0.83,0.71,0.5,0.6,99999,99999,99999,99999,99999,1,1,0.9,1,0.85,1,0.83,0.71,0.5,0.6,99999,99999,99999,99999,99999,0.839,0.181441757,0.839,0.181441757,0.64,0.56,0.72,40,0.75,0.736842105,0.842105263,10,0.2,0,0.333333333,24,0.406779661,14,0,14,0.636363636,38,0.926829268,18,0,18,0.9,14,9,9,13,7,7.5,223,43,99999,99999,1.0000,0.5625,0.6500,3,46,0.6400,23,0.6400,23,0.6400,3,4,1,0.9506,62,70,Manderin,1,10,10,English,6,8,8,99999,99999,99999,99999,0.75,29,27,13,20,15,104,0.5417,30,0.7778,62,66,0.875,0.6,0.9,Online,503.88,468.83,-35.05,0.9833,0.9833,0,,,,,,,
28602J,Returning Part - Python-First,WIN23,19,Female,Monolingual,1.490196078,12,16,1,0,0,17,0.85,1,1,1,0.71,1,0.5,0.85,1,0.8,0.57,99999,99999,99999,99999,0.85,1,1,1,0.71,1,0.5,0.85,1,0.8,0.57,99999,99999,99999,99999,0.843636364,0.183044952,0.843636364,0.183044952,0.74,0.76,0.72,40,0.825,0.894736842,0.842105263,10,0.4,0.333333333,0.333333333,34,0.576271186,15,2,13,0.590909091,37,0.902439024,13,0,13,0.65,10,7,7,9,4,4.5,312,83,99999,99999,0.5625,0.5625,0.7667,3,33,0.4600,17,0.4700,16,0.4400,6,7,1,0.9136,60,67,ENGLISH,TWO,TEN,TEN,99999,99999,99999,99999,99999,99999,99999,99999,0.7143,42,30,15,16,23,126,0.6563,65,0.6111,70,85,0.875,1,99999,Online,616.14,637.55,21.41,0.9667,0.8833,-0.0833,,,,,,,
28703J,Returning Part - Python-First,SPR23,20,Female,Monolingual,1.058823529,9,14,7,1,0,22,0.71,0.75,0.6,0.7,0.71,0.85,0.5,0.71,99999,99999,99999,99999,99999,99999,99999,0.71,0.75,0.6,0.7,0.71,0.85,0.5,0.71,99999,99999,99999,99999,99999,99999,99999,0.69125,0.103293963,0.69125,0.103293963,0.58,0.56,0.6,32,0.625,0.666666667,0.666666667,18,0.5,0.4,0.5,7,0.118644068,10,9,1,0.045454545,30,0.731707317,9,0,9,0.45,11,7,7.5,11,6,6.5,211,39,99999,99999,1.0000,0.6250,0.6833,2,39,0.5417,22,0.6111,17,0.4722,3,3,0,0.9630,49,63,english,1,10,10,99999,99999,99999,99999,99999,99999,99999,99999,1,11,25,24,16,11,87,0.4531,15,0.555555556,61,63,0.875,0.3,0.6,Online,558.6779661,593.8275862,35.14962011,0.983333333,0.966666667,-0.016666667,,,,,,,
28710J,Returning Part - Python-First,SPR23,19,Female,Monolingual,2.083333333,15,3,0,0,0,3,1,1,1,0.9,0.71,1,1,1,0.83,1,0.85,0.8,1,1,99999,1,1,1,0.9,0.71,1,1,1,0.83,1,0.85,0.8,1,1,99999,0.935,0.098586159,0.935,0.098586159,0.86,0.72,1,50,0.86,0.72,1,0,99999,99999,99999,55,0.93220339,22,4,18,0.818181818,39,0.951219512,20,0,20,1,7,5,5.5,10,3,5.5,382,93,99999,99999,0.6875,0.6250,0.7500,1,61,0.8472,31,0.8611,30,0.8333,4,6,2,0.9012,46,59,english,2,10,10,mandarin,14,4,4,99999,99999,99999,99999,0.9167,42,29,20,29,24,144,0.75,90,0.777777778,73,90,0.75,0.8,0.9,Online,558.375,569.6181818,11.24318182,0.933333333,0.916666667,-0.016666667,,,,,,,
,,,,,,,,,,,,,,,,,,,,,,,,,,,,,,,,,,,,,,,,,,,,,,,,,,,,,,,,,,,,,,,,,,,,,,,,,,,,,,,,,,,,,,,,,,,,,,,,,,,,,,,,,,,,,,,,,,,,,,,,,,,,,,,,,,,,,,,,
,,,,,,,,,,,,,,,,,,,,,,,,,,,,,,,,,,,,,,,,,,,,,,,,,,,,,,,,,,,,,,,,,,,,,,,,,,,,,,,,,,,,,,,,,,,,,,,,,,,,,,,,,,,,,,,,,,,,,,,,,,,,,,,,,,,,,,,,
,,,,,,,,,,,,,,,,,,,,,,,,,,,,,,,,,,,,,,,,,,,,,,,,,,,,,,,,,,,,,,,,,,,,,,,,,,,,,,,,,,,,,,,,,,,,,,,,,,,,,,,,,,,,,,,,,,,,,,,,,,,,,,,,,,,,,,,,
,,,,,,,,,,,,,,,,,,,,,,,,,,,,,,,,,,,,,,,,,,,,,,,,,,,,,,,,,,,,,,,,,,,,,,,,,,,,,,,,,,,,,,,,,,,,,,,,,,,,,,,,,,,,,,,,,,,,,,,,,,,,,,,,,,,,,,,,
,,,,,,,,,,,,,,,,,,,,,,,,,,,,,,,,,,,,,,,,,,,,,,,,,,,,,,,,,,,,,,,,,,,,,,,,,,,,,,,,,,,,,,,,,,,,,,,,,,,,,,,,,,,,,,,,,,,,,,,,,,,,,,,,,,,,,,,,
,,,,,,,,,,,,,,,,,,,,,,,,,,,,,,,,,,,,,,,,,,,,,,,,,,,,,,,,,,,,,,,,,,,,,,,,,,,,,,,,,,,,,,,,,,,,,,,,,,,,,,,,,,,,,,,,,,,,,,,,,,,,,,,,,,,,,,,,
,,,,,,,,,,,,,,,,,,,,,,,,,,,,,,,,,,,,,,,,,,,,,,,,,,,,,,,,,,,,,,,,,,,,,,,,,,,,,,,,,,,,,,,,,,,,,,,,,,,,,,,,,,,,,,,,,,,,,,,,,,,,,,,,,,,,,,,,
,,,,,,,,,,,,,,,,,,,,,,,,,,,,,,,,,,,,,,,,,,,,,,,,,,,,,,,,,,,,,,,,,,,,,,,,,,,,,,,,,,,,,,,,,,,,,,,,,,,,,,,,,,,,,,,,,,,,,,,,,,,,,,,,,,,,,,,,
,,,,,,,,,,,,,,,,,,,,,,,,,,,,,,,,,,,,,,,,,,,,,,,,,,,,,,,,,,,,,,,,,,,,,,,,,,,,,,,,,,,,,,,,,,,,,,,,,,,,,,,,,,,,,,,,,,,,,,,,,`,,,,,,,,,,,,,,,
,,,,,,,,,,,,,,,,,,,,,,,,,,,,,,,,,,,,,,,,,,,,,,,,,,,,,,,,,,,,,,,,,,,,,,,,,,,,,,,,,,,,,,,,,,,,,,,,,,,,,,,,,,,,,,,,,,,,,,,,,,,,,,,,,,,,,,,,
